/* Partie II */
/* Question 1 à 3 Partie 2 */

INSERT INTO LIBELLE_GENRE(Genre,Libelle) VALUES ('REC','Recit');
INSERT INTO LIBELLE_GENRE(Genre,Libelle) VALUES ('POL','Policier');
INSERT INTO LIBELLE_GENRE(Genre,Libelle) VALUES ('BD','Bande Dessinee');
INSERT INTO LIBELLE_GENRE(Genre,Libelle) VALUES ('INF','Informatique');
INSERT INTO LIBELLE_GENRE(Genre,Libelle) VALUES ('THE','Theatre');
INSERT INTO LIBELLE_GENRE(Genre,Libelle) VALUES ('ROM','Roman');
INSERT INTO LIBELLE_GENRE(Genre,Libelle) VALUES ('SF','Science Fiction');


INSERT INTO OUVRAGE(ISBN,Titre,Auteur,Genre,Editeur) VALUES ('2203314168','LEFRANC-Lultimatum','Martin, Carin','BD','Casterman');
INSERT INTO OUVRAGE(ISBN,Titre,Auteur,Genre,Editeur) VALUES ('2746021285','HTML – entrainez-vous pour maitriser le code source','Luc Van Lancker','INF','ENI');
INSERT INTO OUVRAGE(ISBN,Titre,Auteur,Genre,Editeur) VALUES ('2746026090','Oracle 10g SQL, PL/SQL, SQL*Plus','J. Gabillaud','INF','ENI');
INSERT INTO OUVRAGE(ISBN,Titre,Auteur,Genre,Editeur) VALUES ('2266085816','Pantagruel','F. Robert','ROM','Pocket');
INSERT INTO OUVRAGE(ISBN,Titre,Auteur,Genre,Editeur) VALUES ('2266091611','Voyage au centre de la terre','Jules Verne','ROM','Pocket');
INSERT INTO OUVRAGE(ISBN,Titre,Auteur,Genre,Editeur) VALUES ('2253010219','Le crime de l''Orient Express','Agatha Christie','POL','Livre de Poche');
INSERT INTO OUVRAGE(ISBN,Titre,Auteur,Genre,Editeur) VALUES ('2070400816','Le Bourgois gentilhomme','Molière','THE','Gallimard');
INSERT INTO OUVRAGE(ISBN,Titre,Auteur,Genre,Editeur) VALUES ('2070367177','Le curé de Tours','Honore de Balzac','ROM','Gallimard');
INSERT INTO OUVRAGE(ISBN,Titre,Auteur,Genre,Editeur) VALUES ('2080720872','Boule de suif','G. de Maupassant','REC','Flammarion');
INSERT INTO OUVRAGE(ISBN,Titre,Auteur,Genre,Editeur) VALUES ('2877065073','La gloire de mon pere','Marcel Pagnol','ROM','Fallois');
INSERT INTO OUVRAGE(ISBN,Titre,Auteur,Genre,Editeur) VALUES ('2020549522','L''aventure des manuscrits de la mer morte','Hershel Shanks','REC','Seuil');
INSERT INTO OUVRAGE(ISBN,Titre,Auteur,Genre,Editeur) VALUES ('2253006327','Vingt mille lieues sous les mers','Jules Verne','ROM','LGF');
INSERT INTO OUVRAGE(ISBN,Titre,Auteur,Genre,Editeur) VALUES ('2038704015','De la terre à la lune','Jules Verne','ROM','Larousse');
INSERT INTO OUVRAGE(ISBN,Titre,Auteur,Genre,Editeur) VALUES ('2207261883','H2G2: L integrale de la trilogie en cinq volumes','Douglas Adams','SF','Denoel');

INSERT INTO EXEMPLAIRE(ISBN,Numero_exemplaire,Etat) VALUES ('2203314168',1,'Moyen');
INSERT INTO EXEMPLAIRE(ISBN,Numero_exemplaire,Etat) VALUES ('2203314168',2,'Bon');
INSERT INTO EXEMPLAIRE(ISBN,Numero_exemplaire,Etat) VALUES ('2203314168',3,'Neuf');
INSERT INTO EXEMPLAIRE(ISBN,Numero_exemplaire,Etat) VALUES ('2746021285',1,'Bon');
INSERT INTO EXEMPLAIRE(ISBN,Numero_exemplaire,Etat) VALUES ('2746021285',2,'Neuf');
INSERT INTO EXEMPLAIRE(ISBN,Numero_exemplaire,Etat) VALUES ('2746026090',1,'Mauvais');
INSERT INTO EXEMPLAIRE(ISBN,Numero_exemplaire,Etat) VALUES ('2266085816',1,'Bon');
INSERT INTO EXEMPLAIRE(ISBN,Numero_exemplaire,Etat) VALUES ('2266085816',2,'Neuf');
INSERT INTO EXEMPLAIRE(ISBN,Numero_exemplaire,Etat) VALUES ('2070367177',1,'Bon');
INSERT INTO EXEMPLAIRE(ISBN,Numero_exemplaire,Etat) VALUES ('2070367177',2,'Neuf');
INSERT INTO EXEMPLAIRE(ISBN,Numero_exemplaire,Etat) VALUES ('2080720872',1,'Neuf');
INSERT INTO EXEMPLAIRE(ISBN,Numero_exemplaire,Etat) VALUES ('2080720872',2,'Neuf');
INSERT INTO EXEMPLAIRE(ISBN,Numero_exemplaire,Etat) VALUES ('2877065073',1,'Mauvais');
INSERT INTO EXEMPLAIRE(ISBN,Numero_exemplaire,Etat) VALUES ('2877065073',2,'Bon');
INSERT INTO EXEMPLAIRE(ISBN,Numero_exemplaire,Etat) VALUES ('2020549522',1,'Neuf');
INSERT INTO EXEMPLAIRE(ISBN,Numero_exemplaire,Etat) VALUES ('2253006327',1,'Neuf');
INSERT INTO EXEMPLAIRE(ISBN,Numero_exemplaire,Etat) VALUES ('2038704015',1,'Bon');
INSERT INTO EXEMPLAIRE(ISBN,Numero_exemplaire,Etat) VALUES ('2038704015',2,'Neuf');
INSERT INTO EXEMPLAIRE(ISBN,Numero_exemplaire,Etat) VALUES ('2207261883',1,'Bon');
INSERT INTO EXEMPLAIRE(ISBN,Numero_exemplaire,Etat) VALUES ('2253010219',1,'Bon');
INSERT INTO EXEMPLAIRE(ISBN,Numero_exemplaire,Etat) VALUES ('2253010219',2,'Bon');
INSERT INTO EXEMPLAIRE(ISBN,Numero_exemplaire,Etat) VALUES ('2266091611',1,'Neuf');

INSERT INTO MEMBRE(ID_adherent,Nom,Prenom,Adresse,Portable,Date_adhesion,Duree_adhesion) VALUES (IDmember_seq.nextval,'Albert','Anne','13 rue des alpes','0601020304',Sysdate-60,1);
INSERT INTO MEMBRE(ID_adherent,Nom,Prenom,Adresse,Portable,Date_adhesion,Duree_adhesion) VALUES (IDmember_seq.nextval,'Bernaud','Barnabé','6 rue des becasses','0602030105',Sysdate-10,3);
INSERT INTO MEMBRE(ID_adherent,Nom,Prenom,Adresse,Portable,Date_adhesion,Duree_adhesion) VALUES (IDmember_seq.nextval,'Cuvard','Camille','53 rue des cerisiers','0602010509',Sysdate-100,6);
INSERT INTO MEMBRE(ID_adherent,Nom,Prenom,Adresse,Portable,Date_adhesion,Duree_adhesion) VALUES (IDmember_seq.nextval,'Dupond','Daniel','11 rue des daims','0610236515',Sysdate-250,12);
INSERT INTO MEMBRE(ID_adherent,Nom,Prenom,Adresse,Portable,Date_adhesion,Duree_adhesion) VALUES (IDmember_seq.nextval,'Evroux','Eglantine','34 rue des elfes','0658963125',Sysdate-150,6);
INSERT INTO MEMBRE(ID_adherent,Nom,Prenom,Adresse,Portable,Date_adhesion,Duree_adhesion) VALUES (IDmember_seq.nextval,'Fregeon','Fernand','11 rue des Francs','0602036987',Sysdate-400,6);
INSERT INTO MEMBRE(ID_adherent,Nom,Prenom,Adresse,Portable,Date_adhesion,Duree_adhesion) VALUES (IDmember_seq.nextval,'Gorit','Gaston','96 rue de la glacerie', '0684235781',Sysdate-150,1);
INSERT INTO MEMBRE(ID_adherent,Nom,Prenom,Adresse,Portable,Date_adhesion,Duree_adhesion) VALUES (IDmember_seq.nextval,'Hevard','Hector','12 rue haute','0608546578',Sysdate-250,12);
INSERT INTO MEMBRE(ID_adherent,Nom,Prenom,Adresse,Portable,Date_adhesion,Duree_adhesion) VALUES (IDmember_seq.nextval,'Ingrand','Irène','54 rue de iris','0605020409',Sysdate-50,12);
INSERT INTO MEMBRE(ID_adherent,Nom,Prenom,Adresse,Portable,Date_adhesion,Duree_adhesion) VALUES (IDmember_seq.nextval,'Juste','Julien','5 place des Jacobins','0603069876',Sysdate-100,6);

INSERT INTO EMPRUNTS(Numero_emprunt,ID_adherent,Cree_le) VALUES (1,1,Sysdate-200);
INSERT INTO EMPRUNTS(Numero_emprunt,ID_adherent,Cree_le) VALUES (2,3,Sysdate-190);
INSERT INTO EMPRUNTS(Numero_emprunt,ID_adherent,Cree_le) VALUES (3,4,Sysdate-180);
INSERT INTO EMPRUNTS(Numero_emprunt,ID_adherent,Cree_le) VALUES (4,1,Sysdate-170);
INSERT INTO EMPRUNTS(Numero_emprunt,ID_adherent,Cree_le) VALUES (5,5,Sysdate-160);
INSERT INTO EMPRUNTS(Numero_emprunt,ID_adherent,Cree_le) VALUES (6,2,Sysdate-150);
INSERT INTO EMPRUNTS(Numero_emprunt,ID_adherent,Cree_le) VALUES (7,4,Sysdate-140);
INSERT INTO EMPRUNTS(Numero_emprunt,ID_adherent,Cree_le) VALUES (8,1,Sysdate-130);
INSERT INTO EMPRUNTS(Numero_emprunt,ID_adherent,Cree_le) VALUES (9,9,Sysdate-120);
INSERT INTO EMPRUNTS(Numero_emprunt,ID_adherent,Cree_le) VALUES (10,6,Sysdate-110);
INSERT INTO EMPRUNTS(Numero_emprunt,ID_adherent,Cree_le) VALUES (11,1,Sysdate-100);
INSERT INTO EMPRUNTS(Numero_emprunt,ID_adherent,Cree_le) VALUES (12,6,Sysdate-90);
INSERT INTO EMPRUNTS(Numero_emprunt,ID_adherent,Cree_le) VALUES (13,2,Sysdate-80);
INSERT INTO EMPRUNTS(Numero_emprunt,ID_adherent,Cree_le) VALUES (14,4,Sysdate-70);
INSERT INTO EMPRUNTS(Numero_emprunt,ID_adherent,Cree_le) VALUES (15,1,Sysdate-60);
INSERT INTO EMPRUNTS(Numero_emprunt,ID_adherent,Cree_le) VALUES (16,3,Sysdate-50);
INSERT INTO EMPRUNTS(Numero_emprunt,ID_adherent,Cree_le) VALUES (17,1,Sysdate-40);
INSERT INTO EMPRUNTS(Numero_emprunt,ID_adherent,Cree_le) VALUES (18,5,Sysdate-30);
INSERT INTO EMPRUNTS(Numero_emprunt,ID_adherent,Cree_le) VALUES (19,4,Sysdate-20);
INSERT INTO EMPRUNTS(Numero_emprunt,ID_adherent,Cree_le) VALUES (20,1,Sysdate-10);

INSERT INTO DETAILS(Numero_emprunt,Nombre_ouvrage,ISBN,Numero_exemplaire,Date_retour) VALUES (1,1,'2038704015',1,Sysdate-195);
INSERT INTO DETAILS(Numero_emprunt,Nombre_ouvrage,ISBN,Numero_exemplaire,Date_retour) VALUES (1,2,'2070367177',2,Sysdate-190);
INSERT INTO DETAILS(Numero_emprunt,Nombre_ouvrage,ISBN,Numero_exemplaire,Date_retour) VALUES (2,1,'2080720872',1,Sysdate-180);
INSERT INTO DETAILS(Numero_emprunt,Nombre_ouvrage,ISBN,Numero_exemplaire,Date_retour) VALUES (2,2,'2203314168',1,Sysdate-179);
INSERT INTO DETAILS(Numero_emprunt,Nombre_ouvrage,ISBN,Numero_exemplaire,Date_retour) VALUES (3,1,'2038704015',1,Sysdate-170);
INSERT INTO DETAILS(Numero_emprunt,Nombre_ouvrage,ISBN,Numero_exemplaire,Date_retour) VALUES (4,1,'2203314168',2,Sysdate-155);
INSERT INTO DETAILS(Numero_emprunt,Nombre_ouvrage,ISBN,Numero_exemplaire,Date_retour) VALUES (4,2,'2080720872',1,Sysdate-155);
INSERT INTO DETAILS(Numero_emprunt,Nombre_ouvrage,ISBN,Numero_exemplaire,Date_retour) VALUES (4,3,'2266085816',1,Sysdate-159);
INSERT INTO DETAILS(Numero_emprunt,Nombre_ouvrage,ISBN,Numero_exemplaire,Date_retour) VALUES (5,1,'2038704015',2,Sysdate-140);
INSERT INTO DETAILS(Numero_emprunt,Nombre_ouvrage,ISBN,Numero_exemplaire,Date_retour) VALUES (6,1,'2266085816',2,Sysdate-141);
INSERT INTO DETAILS(Numero_emprunt,Nombre_ouvrage,ISBN,Numero_exemplaire,Date_retour) VALUES (6,2,'2080720872',2,Sysdate-130);
INSERT INTO DETAILS(Numero_emprunt,Nombre_ouvrage,ISBN,Numero_exemplaire,Date_retour) VALUES (6,3,'2746021285',2,Sysdate-133);
INSERT INTO DETAILS(Numero_emprunt,Nombre_ouvrage,ISBN,Numero_exemplaire,Date_retour) VALUES (7,1,'2070367177',2,Sysdate-100);
INSERT INTO DETAILS(Numero_emprunt,Nombre_ouvrage,ISBN,Numero_exemplaire,Date_retour) VALUES (8,1,'2080720872',1,Sysdate-116);
INSERT INTO DETAILS(Numero_emprunt,Nombre_ouvrage,ISBN,Numero_exemplaire,Date_retour) VALUES (9,1,'2038704015',1,Sysdate-100);
INSERT INTO DETAILS(Numero_emprunt,Nombre_ouvrage,ISBN,Numero_exemplaire,Date_retour) VALUES (10,1,'2080720872',2,Sysdate-107);
INSERT INTO DETAILS(Numero_emprunt,Nombre_ouvrage,ISBN,Numero_exemplaire,Date_retour) VALUES (10,2,'2746026090',1,Sysdate-78);
INSERT INTO DETAILS(Numero_emprunt,Nombre_ouvrage,ISBN,Numero_exemplaire,Date_retour) VALUES (11,1,'2746021285',1,Sysdate-81);
INSERT INTO DETAILS(Numero_emprunt,Nombre_ouvrage,ISBN,Numero_exemplaire,Date_retour) VALUES (12,1,'2203314168',1,Sysdate-86);
INSERT INTO DETAILS(Numero_emprunt,Nombre_ouvrage,ISBN,Numero_exemplaire,Date_retour) VALUES (12,2,'2038704015',1,Sysdate-60);
INSERT INTO DETAILS(Numero_emprunt,Nombre_ouvrage,ISBN,Numero_exemplaire,Date_retour) VALUES (13,1,'2070367177',1,Sysdate-65);
INSERT INTO DETAILS(Numero_emprunt,Nombre_ouvrage,ISBN,Numero_exemplaire,Date_retour) VALUES (14,1,'2266091611',1,Sysdate-66);
INSERT INTO DETAILS(Numero_emprunt,Nombre_ouvrage,ISBN,Numero_exemplaire,Date_retour) VALUES (15,1,'2266085816',1,Sysdate-50);
INSERT INTO DETAILS(Numero_emprunt,Nombre_ouvrage,ISBN,Numero_exemplaire,Date_retour) VALUES (16,1,'2253010219',2,Sysdate-41);
INSERT INTO DETAILS(Numero_emprunt,Nombre_ouvrage,ISBN,Numero_exemplaire,Date_retour) VALUES (16,2,'2070367177',2,Sysdate-41);
INSERT INTO DETAILS(Numero_emprunt,Nombre_ouvrage,ISBN,Numero_exemplaire,Date_retour) VALUES (17,1,'2877065073',2,Sysdate-36);
INSERT INTO DETAILS(Numero_emprunt,Nombre_ouvrage,ISBN,Numero_exemplaire,Date_retour) VALUES (18,1,'2070367177',1,Sysdate-14);
INSERT INTO DETAILS(Numero_emprunt,Nombre_ouvrage,ISBN,Numero_exemplaire,Date_retour) VALUES (19,1,'2746026090',1,Sysdate-12);
INSERT INTO DETAILS(Numero_emprunt,Nombre_ouvrage,ISBN,Numero_exemplaire,Date_retour) VALUES (20,1,'2266091611',1,NULL);
INSERT INTO DETAILS(Numero_emprunt,Nombre_ouvrage,ISBN,Numero_exemplaire,Date_retour) VALUES (20,2,'2253010219',1,NULL);

